Site	Sample	Aligned Sequence	Reference Sequence	Unedited	n_deleted	n_inserted	n_mutated	#Reads	%Reads
1	22G340T_pi	AGTCGGAAATGATAGTCTGGACGGCGGTGTTGCTGGCGTT	AGTCGGAAATGATAGTCTGG-CGGCGGTGTTGCTGGCGTT	False	0	1	0	266	52.15686274509802
1	22G340T_pi	AGTCGGAAATGATAGTCTGGGCGGCGGTGTTGCTGGCGTT	AGTCGGAAATGATAGTCTGG-CGGCGGTGTTGCTGGCGTT	False	0	1	0	223	43.72549019607842
1	22G125T_sal	AGTCGGAAATGATAGTCTGGCGGCGGTGTTGCTGGCGTTC	AGTCGGAAATGATAGTCTGGCGGCGGTGTTGCTGGCGTTC	True	0	0	0	369	96.09375000000014
1	22G125T_sal	AGTCGGAAATGATAGTC----GGCGGTGTTGCTGGCGTTC	AGTCGGAAATGATAGTCTGGCGGCGGTGTTGCTGGCGTTC	False	4	0	0	5	1.302083333333333
1	22G126T_sal	AGTCGGAAATGATAGTCTGGCGGCGGTGTTGCTGGCGTTC	AGTCGGAAATGATAGTCTGGCGGCGGTGTTGCTGGCGTTC	True	0	0	0	253	93.7037037037036
1	22G126T_sal	AGTCGGAAATGATAGTC----GGCGGTGTTGCTGGCGTTC	AGTCGGAAATGATAGTCTGGCGGCGGTGTTGCTGGCGTTC	False	4	0	0	3	1.1111111111111112
1	22G123T_sal	AGTCGGAAATGATAGTCTGGCGGCGGTGTTGCTGGCGTTC	AGTCGGAAATGATAGTCTGGCGGCGGTGTTGCTGGCGTTC	True	0	0	0	367	96.07329842931945
1	22G123T_sal	AGTCGGAAATGATAGTCTGGGCGGCGGTGTTGCTGGCGTT	AGTCGGAAATGATAGTCTGG-CGGCGGTGTTGCTGGCGTT	False	0	1	0	3	0.7853403141361257
1	22G316T_sal	AGTCGGAAATGATAGTCTGGCGGCGGTGTTGCTGGCGTTC	AGTCGGAAATGATAGTCTGGCGGCGGTGTTGCTGGCGTTC	True	0	0	0	2	40.0
1	22G316T_sal	AGTCGGAAATGATAGTCTGGGCGGCGGTGTTGCTGGCGTT	AGTCGGAAATGATAGTCTGG-CGGCGGTGTTGCTGGCGTT	False	0	1	0	2	40.0
1	22G1T_uc	AGTCGGAAATGATAGTC----GGCGGTGTTGCTGGCGTTC	AGTCGGAAATGATAGTCTGGCGGCGGTGTTGCTGGCGTTC	False	4	0	0	251	75.14970059880248
1	22G1T_uc	AGTCGGAAATGATAGTCTGGCGGCGGTGTTGCTGGCGTTC	AGTCGGAAATGATAGTCTGGCGGCGGTGTTGCTGGCGTTC	True	0	0	0	76	22.754491017964074
1	22G121T_uc	AGTCGGAAATGATAGTCTGGGCGGCGGTGTTGCTGGCGTT	AGTCGGAAATGATAGTCTGG-CGGCGGTGTTGCTGGCGTT	False	0	1	0	99	66.8918918918919
1	22G121T_uc	AGTCGGAAATGATAGTCTGGCGGCGGTGTTGCTGGCGTTC	AGTCGGAAATGATAGTCTGGCGGCGGTGTTGCTGGCGTTC	True	0	0	0	45	30.40540540540541
1	22G335T_uc	AGTCGGAAATGATAGTCTGGCGGCGGTGTTGCTGGCGTTC	AGTCGGAAATGATAGTCTGGCGGCGGTGTTGCTGGCGTTC	True	0	0	0	26	81.25
1	22G335T_uc	AGTCGGAAATGATAGTCTGGGCGGCGGTGTTGCTGGCGTT	AGTCGGAAATGATAGTCTGG-CGGCGGTGTTGCTGGCGTT	False	0	1	0	5	15.625
1	22G336T_uc	AGTCGGAAATGATAGTCTGGCGGCGGTGTTGCTGGCGTTC	AGTCGGAAATGATAGTCTGGCGGCGGTGTTGCTGGCGTTC	True	0	0	0	147	38.684210526315795
1	22G336T_uc	AGTCGGAAATGATAGTCTGGACGGCGGTGTTGCTGGCGTT	AGTCGGAAATGATAGTCTGG-CGGCGGTGTTGCTGGCGTT	False	0	1	0	141	37.10526315789474
1	22G334T_uc	AGTCGGAAATGATAGTCTGGCGGCGGTGTTGCTGGCGTTC	AGTCGGAAATGATAGTCTGGCGGCGGTGTTGCTGGCGTTC	True	0	0	0	740	97.49670619235818
1	22G334T_uc	AGTCGGAAATGATAGTCTGGACGGCGGTGTTGCTGGCGTT	AGTCGGAAATGATAGTCTGG-CGGCGGTGTTGCTGGCGTT	False	0	1	0	3	0.3952569169960475
1	22G337T_uc	AGTCGGAAATGATAGTCTGGCGGCGGTGTTGCTGGCGTTC	AGTCGGAAATGATAGTCTGGCGGCGGTGTTGCTGGCGTTC	True	0	0	0	887	96.8340611353711
1	22G337T_uc	AGTCGGAAATGATAGTCTGGCGGCTGTGTTGCTGGCGTTC	AGTCGGAAATGATAGTCTGGCGGCGGTGTTGCTGGCGTTC	True	0	0	0	6	0.6550218340611353
1	22G338T_uc	AGTCGGAAATGATAGTCTGGCGGCGGTGTTGCTGGCGTTC	AGTCGGAAATGATAGTCTGGCGGCGGTGTTGCTGGCGTTC	True	0	0	0	558	97.89473684210549
1	22G338T_uc	AGTCGGAAATGATAGTCTGG---------------CGTTC	AGTCGGAAATGATAGTCTGGCGGCGGTGTTGCTGGCGTTC	False	15	0	0	2	0.3508771929824561
1	water	AGTCGGAAATGATAGTCTGGCGGCGGTGTTGCTGGCGTTC	AGTCGGAAATGATAGTCTGGCGGCGGTGTTGCTGGCGTTC	True	0	0	0	16	47.05882352941177
1	water	AGTCGGAAATGATAGTC----GGCGGTGTTGCTGGCGTTC	AGTCGGAAATGATAGTCTGGCGGCGGTGTTGCTGGCGTTC	False	4	0	0	11	32.35294117647059
2	22G340T_pi	TCCATCTCTTTGGTCCATGG---ATCTCGCTTACTCCAGT	TCCATCTCTTTGGTCCATGGAAAATCTCGCTTACTCCAGT	False	3	0	0	652	47.59124087591238
2	22G340T_pi	TCCATCTCTTTGGTCCATG-------TCGCTTACTCCAGT	TCCATCTCTTTGGTCCATGGAAAATCTCGCTTACTCCAGT	False	7	0	0	650	47.44525547445254
2	22G125T_sal	TCCATCTCTTTGGTCCATGGAAAATCTCGCTTACTCCAGT	TCCATCTCTTTGGTCCATGGAAAATCTCGCTTACTCCAGT	True	0	0	0	1901	97.23785166240418
2	22G125T_sal	TCCATCTCTTTGGTCCATG-------TCGCTTACTCCAGT	TCCATCTCTTTGGTCCATGGAAAATCTCGCTTACTCCAGT	False	7	0	0	8	0.40920716112531963
2	22G126T_sal	TCCATCTCTTTGGTCCATGGAAAATCTCGCTTACTCCAGT	TCCATCTCTTTGGTCCATGGAAAATCTCGCTTACTCCAGT	True	0	0	0	2276	97.64049764049788
2	22G126T_sal	TCCATCTCTTTGGTCCATGG--AATCTCGCTTACTCCAGT	TCCATCTCTTTGGTCCATGGAAAATCTCGCTTACTCCAGT	False	2	0	0	8	0.3432003432003432
2	22G123T_sal	TCCATCTCTTTGGTCCATGGAAAATCTCGCTTACTCCAGT	TCCATCTCTTTGGTCCATGGAAAATCTCGCTTACTCCAGT	True	0	0	0	1434	96.95740365111585
2	22G123T_sal	TCCATCTCTTTGGTCCATGG-AAATCTCGCTTACTCCAGT	TCCATCTCTTTGGTCCATGGAAAATCTCGCTTACTCCAGT	False	1	0	0	12	0.8113590263691681
2	22G316T_sal	TCCATCTCTTTGGTCCATGGAAAATCTCGCTTACTCCAGT	TCCATCTCTTTGGTCCATGGAAAATCTCGCTTACTCCAGT	True	0	0	0	237	95.1807228915662
2	22G316T_sal	TCCATCTCTTTGGTCCATG-------TCGCTTACTCCAGT	TCCATCTCTTTGGTCCATGGAAAATCTCGCTTACTCCAGT	False	7	0	0	4	1.6064257028112447
2	22G1T_uc	TCCATCTCTTTGGTCCATGG--AATCTCGCTTACTCCAGT	TCCATCTCTTTGGTCCATGGAAAATCTCGCTTACTCCAGT	False	2	0	0	794	85.01070663811548
2	22G1T_uc	TCCATCTCTTTGGTCCATGGAAAATCTCGCTTACTCCAGT	TCCATCTCTTTGGTCCATGGAAAATCTCGCTTACTCCAGT	True	0	0	0	125	13.383297644539613
2	22G121T_uc	TCCATCTCTTTGGTCCATGGAAAATCTCGCTTACTCCAGT	TCCATCTCTTTGGTCCATGGAAAATCTCGCTTACTCCAGT	True	0	0	0	802	54.89390828199873
2	22G121T_uc	TCCATCTCTTTGGTCCATGG-AAATCTCGCTTACTCCAGT	TCCATCTCTTTGGTCCATGGAAAATCTCGCTTACTCCAGT	False	1	0	0	584	39.972621492128745
2	22G335T_uc	TCCATCTCTTTGGTCCATGGAAAATCTCGCTTACTCCAGT	TCCATCTCTTTGGTCCATGGAAAATCTCGCTTACTCCAGT	True	0	0	0	1871	96.94300518134634
2	22G335T_uc	TCCATCTCTTTGGTCCATGG---ATCTCGCTTACTCCAGT	TCCATCTCTTTGGTCCATGGAAAATCTCGCTTACTCCAGT	False	3	0	0	11	0.5699481865284973
2	22G336T_uc	TCCATCTCTTTGGTCCATGGAAAATCTCGCTTACTCCAGT	TCCATCTCTTTGGTCCATGGAAAATCTCGCTTACTCCAGT	True	0	0	0	313	31.55241935483873
2	22G336T_uc	TCCATCTCTTTGGTCCATGG--AATCTCGCTTACTCCAGT	TCCATCTCTTTGGTCCATGGAAAATCTCGCTTACTCCAGT	False	2	0	0	296	29.838709677419374
2	22G334T_uc	TCCATCTCTTTGGTCCATGGAAAATCTCGCTTACTCCAGT	TCCATCTCTTTGGTCCATGGAAAATCTCGCTTACTCCAGT	True	0	0	0	1879	97.55970924195192
2	22G334T_uc	TCCATCTCTTTGGTCCATGG--AATCTCGCTTACTCCAGT	TCCATCTCTTTGGTCCATGGAAAATCTCGCTTACTCCAGT	False	2	0	0	5	0.25960539979231567
2	22G337T_uc	TCCATCTCTTTGGTCCATGGAAAATCTCGCTTACTCCAGT	TCCATCTCTTTGGTCCATGGAAAATCTCGCTTACTCCAGT	True	0	0	0	562	96.89655172413775
2	22G337T_uc	TCCATCTCTTTGGTCCATGG---ATCTCGCTTACTCCAGT	TCCATCTCTTTGGTCCATGGAAAATCTCGCTTACTCCAGT	False	3	0	0	2	0.3448275862068966
2	22G338T_uc	TCCATCTCTTTGGTCCATGGAAAATCTCGCTTACTCCAGT	TCCATCTCTTTGGTCCATGGAAAATCTCGCTTACTCCAGT	True	0	0	0	1427	97.47267759562878
2	22G338T_uc	TCCATCTCTTTGGTCCATGG--AATCTCGCTTACTCCAGT	TCCATCTCTTTGGTCCATGGAAAATCTCGCTTACTCCAGT	False	2	0	0	4	0.273224043715847
2	water	TCCATCTCTTTGGTCCATGG--AATCTCGCTTACTCCAGT	TCCATCTCTTTGGTCCATGGAAAATCTCGCTTACTCCAGT	False	2	0	0	181	65.10791366906476
2	water	TCCATCTCTTTGGTCCATGGAAAATCTCGCTTACTCCAGT	TCCATCTCTTTGGTCCATGGAAAATCTCGCTTACTCCAGT	True	0	0	0	78	28.05755395683453
3	22G340T_pi	TGATCTTGAATCAGTGAAACAAGAGGTGAGATTACCAATG	TGATCTTGAATCAGTGAAACAAGAGGTGAGATTACCAATG	True	0	0	0	708	65.86046511627896
3	22G340T_pi	TGATCTTGGATTAGAGAAACAAGAGGTGAGATCACCAATG	TGATCTTGAATCAGTGAAACAAGAGGTGAGATTACCAATG	True	0	0	0	335	31.162790697674424
3	22G125T_sal	TGATCTTGAATCAGTGAAACAAGAGGTGAGATTACCAATG	TGATCTTGAATCAGTGAAACAAGAGGTGAGATTACCAATG	True	0	0	0	1595	80.59626073774562
3	22G125T_sal	TGATCTTGGATTAGAGAAACAAGAGGTGAGATCACCAATG	TGATCTTGAATCAGTGAAACAAGAGGTGAGATTACCAATG	True	0	0	0	340	17.180394138453757
3	22G126T_sal	TGATCTTGAATCAGTGAAACAAGAGGTGAGATTACCAATG	TGATCTTGAATCAGTGAAACAAGAGGTGAGATTACCAATG	True	0	0	0	513	56.8736141906872
3	22G126T_sal	TGATCTTGGATTAGAGAAACAAGAGGTGAGATCACCAATG	TGATCTTGAATCAGTGAAACAAGAGGTGAGATTACCAATG	True	0	0	0	366	40.576496674057594
3	22G123T_sal	TGATCTTGAATCAGTGAAACAAGAGGTGAGATTACCAATG	TGATCTTGAATCAGTGAAACAAGAGGTGAGATTACCAATG	True	0	0	0	964	73.14112291350607
3	22G123T_sal	TGATCTTGGATTAGAGAAACAAGAGGTGAGATCACCAATG	TGATCTTGAATCAGTGAAACAAGAGGTGAGATTACCAATG	True	0	0	0	321	24.355083459787544
3	22G316T_sal	TGATCTTGAATCAGTGAAACAAGAGGTGAGATTACCAATG	TGATCTTGAATCAGTGAAACAAGAGGTGAGATTACCAATG	True	0	0	0	397	72.9779411764708
3	22G316T_sal	TGATCTTGGATTAGAGAAACAAGAGGTGAGATCACCAATG	TGATCTTGAATCAGTGAAACAAGAGGTGAGATTACCAATG	True	0	0	0	136	24.999999999999996
3	22G1T_uc	TGATCTTGGATTAGAGAAACAAGAGGTGAGATCACCAATG	TGATCTTGAATCAGTGAAACAAGAGGTGAGATTACCAATG	True	0	0	0	292	46.86998394863566
3	22G1T_uc	TGATCTTGAATCAGTGAAACAAGAGGTGAGATTACCAATG	TGATCTTGAATCAGTGAAACAAGAGGTGAGATTACCAATG	True	0	0	0	275	44.14125200642062
3	22G121T_uc	TGATCTTGAATCAGTGAAACAAGAGGTGAGATTACCAATG	TGATCTTGAATCAGTGAAACAAGAGGTGAGATTACCAATG	True	0	0	0	1270	73.24106113033534
3	22G121T_uc	TGATCTTGGATTAGAGAAACAAGAGGTGAGATCACCAATG	TGATCTTGAATCAGTGAAACAAGAGGTGAGATTACCAATG	True	0	0	0	417	24.04844290657436
3	22G335T_uc	TGATCTTGAATCAGTGAAACAAGAGGTGAGATTACCAATG	TGATCTTGAATCAGTGAAACAAGAGGTGAGATTACCAATG	True	0	0	0	548	66.74786845310636
3	22G335T_uc	TGATCTTGGATTAGAGAAACAAGAGGTGAGATCACCAATG	TGATCTTGAATCAGTGAAACAAGAGGTGAGATTACCAATG	True	0	0	0	252	30.694275274056018
3	22G336T_uc	TGATCTTGAATCAGTGAAACAAGAGGTGAGATTACCAATG	TGATCTTGAATCAGTGAAACAAGAGGTGAGATTACCAATG	True	0	0	0	106	65.83850931677007
3	22G336T_uc	TGATCTTGGATTAGAGAAACAAGAGGTGAGATCACCAATG	TGATCTTGAATCAGTGAAACAAGAGGTGAGATTACCAATG	True	0	0	0	51	31.67701863354038
3	22G334T_uc	TGATCTTGAATCAGTGAAACAAGAGGTGAGATTACCAATG	TGATCTTGAATCAGTGAAACAAGAGGTGAGATTACCAATG	True	0	0	0	741	68.16927322907088
3	22G334T_uc	TGATCTTGGATTAGAGAAACAAGAGGTGAGATCACCAATG	TGATCTTGAATCAGTGAAACAAGAGGTGAGATTACCAATG	True	0	0	0	311	28.61085556577743
3	22G337T_uc	TGATCTTGAATCAGTGAAACAAGAGGTGAGATTACCAATG	TGATCTTGAATCAGTGAAACAAGAGGTGAGATTACCAATG	True	0	0	0	853	72.41086587436348
3	22G337T_uc	TGATCTTGGATTAGAGAAACAAGAGGTGAGATCACCAATG	TGATCTTGAATCAGTGAAACAAGAGGTGAGATTACCAATG	True	0	0	0	290	24.61799660441428
3	22G338T_uc	TGATCTTGAATCAGTGAAACAAGAGGTGAGATTACCAATG	TGATCTTGAATCAGTGAAACAAGAGGTGAGATTACCAATG	True	0	0	0	702	74.12882787750779
3	22G338T_uc	TGATCTTGGATTAGAGAAACAAGAGGTGAGATCACCAATG	TGATCTTGAATCAGTGAAACAAGAGGTGAGATTACCAATG	True	0	0	0	224	23.653643083421315
3	water	TGATCTTGGATTAGAGAAACAAGAGGTGAGATCACCAATG	TGATCTTGAATCAGTGAAACAAGAGGTGAGATTACCAATG	True	0	0	0	23	46.0
3	water	TGATCTTGAATCAGTGAAACAAGAGGTGAGATTACCAATG	TGATCTTGAATCAGTGAAACAAGAGGTGAGATTACCAATG	True	0	0	0	22	44.0
4	22G340T_pi	GCATATCAGGATCCATTGAACCATGATAAAAACC------	GCATATCAGGTTCCATAGAACCATGGTAAAAACCTACTTT	True	0	0	0	75	80.64516129032258
4	22G340T_pi	GCATATCAGGTTCCATAGAACCATGGTAAAAACC------	GCATATCAGGTTCCATAGAACCATGGTAAAAACCTACTTT	True	0	0	0	9	9.677419354838712
4	22G125T_sal	GCATATCAGGATCCATTGAACCATGATAAAAACC------	GCATATCAGGTTCCATAGAACCATGGTAAAAACCTACTTT	True	0	0	0	93	87.73584905660375
4	22G125T_sal	GCATATCAGGATCCATTGAACCATGATAAAAACCT-----	GCATATCAGGTTCCATAGAACCATGGTAAAAACCTACTTT	True	0	0	0	5	4.716981132075472
4	22G126T_sal	GCATATCAGGATCCATTGAACCATGATAAAAACC------	GCATATCAGGTTCCATAGAACCATGGTAAAAACCTACTTT	True	0	0	0	161	94.15204678362575
4	22G126T_sal	GCATATCAGGATCCATTGAACCATGATAAAAACCT-----	GCATATCAGGTTCCATAGAACCATGGTAAAAACCTACTTT	True	0	0	0	4	2.3391812865497075
4	22G123T_sal	GCATATCAGGATCCATTGAACCATGATAAAAACC------	GCATATCAGGTTCCATAGAACCATGGTAAAAACCTACTTT	True	0	0	0	94	84.6846846846847
4	22G123T_sal	GCATATCAGGTTCCATAGAACCATGGTAAAAACC------	GCATATCAGGTTCCATAGAACCATGGTAAAAACCTACTTT	True	0	0	0	10	9.00900900900901
4	22G316T_sal	GCATATCAGGTTCCATAGAACCATGGTAAAAACC------	GCATATCAGGTTCCATAGAACCATGGTAAAAACCTACTTT	True	0	0	0	5	55.55555555555556
4	22G316T_sal	GCATATCAGGATCCATTGAACCATGATAAAAACC------	GCATATCAGGTTCCATAGAACCATGGTAAAAACCTACTTT	True	0	0	0	3	33.33333333333333
4	22G1T_uc	GCATATCAGGATCCATTGAACCATGATAAAAACC------	GCATATCAGGTTCCATAGAACCATGGTAAAAACCTACTTT	True	0	0	0	1474	95.34282018111246
4	22G1T_uc	GCATATCAGGATCCATTGAACCATGATAAAAACCT-----	GCATATCAGGTTCCATAGAACCATGGTAAAAACCTACTTT	True	0	0	0	34	2.1992238033635183
4	22G121T_uc	GCATATCAGGATCCATTGAACCATGATAAAAACC------	GCATATCAGGTTCCATAGAACCATGGTAAAAACCTACTTT	True	0	0	0	1467	94.15917843388945
4	22G121T_uc	GCATATCAGGATCCATTGAACCATGATAAAAACCT-----	GCATATCAGGTTCCATAGAACCATGGTAAAAACCTACTTT	True	0	0	0	42	2.6957637997432613
4	22G335T_uc	GCATATCAGGATCCATTGAACCATGATAAAAACC------	GCATATCAGGTTCCATAGAACCATGGTAAAAACCTACTTT	True	0	0	0	2885	95.24595576097677
4	22G335T_uc	GCATATCAGGATCCATTGAACCATGATAAAAACCT-----	GCATATCAGGTTCCATAGAACCATGGTAAAAACCTACTTT	True	0	0	0	63	2.0798943545724664
4	22G336T_uc	GCATATCAGGATCCATTGAACCATGATAAAAACC------	GCATATCAGGTTCCATAGAACCATGGTAAAAACCTACTTT	True	0	0	0	1508	95.32237673830619
4	22G336T_uc	GCATATCAGGATCCATTGAACCATGATAAAAACCT-----	GCATATCAGGTTCCATAGAACCATGGTAAAAACCTACTTT	True	0	0	0	28	1.7699115044247793
4	22G334T_uc	GCATATCAGGATCCATTGAACCATGATAAAAACC------	GCATATCAGGTTCCATAGAACCATGGTAAAAACCTACTTT	True	0	0	0	2797	95.49334243769228
4	22G334T_uc	GCATATCAGGATCCATTGAACCATGATAAAAACCT-----	GCATATCAGGTTCCATAGAACCATGGTAAAAACCTACTTT	True	0	0	0	66	2.253328781153977
4	22G337T_uc	GCATATCAGGATCCATTGAACCATGATAAAAACC------	GCATATCAGGTTCCATAGAACCATGGTAAAAACCTACTTT	True	0	0	0	3799	94.90382213339979
4	22G337T_uc	GCATATCAGGATCCATTGAACCATGATAAAAACCT-----	GCATATCAGGTTCCATAGAACCATGGTAAAAACCTACTTT	True	0	0	0	84	2.098426180364727
4	22G338T_uc	GCATATCAGGATCCATTGAACCATGATAAAAACC------	GCATATCAGGTTCCATAGAACCATGGTAAAAACCTACTTT	True	0	0	0	2713	95.49454417458665
4	22G338T_uc	GCATATCAGGATCCATTGAACCATGATAAAAACCT-----	GCATATCAGGTTCCATAGAACCATGGTAAAAACCTACTTT	True	0	0	0	62	2.1823301654347067
4	water	
4	water	
